[
    {
        "id": 1,
        "pageTitle": "We make digital products and help organistation big and small connect with their audience."
    },
    {
        "id": 2,
        "title": "Services",
        "excerpt": ["<p class='text-block'>It was a big, round room with a high arched roof, and the walls and ceiling and floor were covered with large emeralds set closely together.</p>", "<p>In a word, the whale was seized and sold, and his Grace the Duke of Wellington received the money. Thinking that viewed in some particular lights, the case might by a bare possibility in some small degree be deemed, under the circumstances, a rather hard one, an honest clergyman of the town addressed a note to his Grace.</p>"]
    },
    {
        "id": 3,
        "title": "Our center",
        "excerpt": ["<p>It was shaped like a chair and sparkled with gems, as did everything else. In the center of the chair was an enormous Head, without a body to support it or any arms or legs whatever.</p>"]
    },
    {
        "id": 4,
        "gallery": {
            "imageOne": "img/about/01.jpg",
            "imageTwo": "img/about/02.jpg",
            "imageThree": "img/about/03.jpg"
        }
    },
    {
        "id": 5,
        "address": [
            {
                "id": 1,
                "title": "Melbourne",
                "list": ["258 New Design St, VIC 10000, Austria", "+0900 8618 3725 69", "hello@hope.com"]
            },
            {
                "id": 2,
                "title": "Newyork",
                "list": ["3rd Floor, 692 Orchard St, NY 10000, Newyork", "+04200 4739 6899 6880", "office@hope.com"]
            }
        ]
    }
]