[
    {
        "id": 1,
        "media": {
            "rcImage": "./img/blog/s01.jpg",
            "smallImage": "./img/blog/01.jpg",
            "gridImage": "img/blog/r01.jpg",
            "mediumImage": "./img/blog/m01.jpg",
            "largeImage": "img/blog/post-detail-01.jpg"
        },
        "title": "Problems About Social Insurance For Truck Drivers",
        "author": "Admin",
        "date": "Decmber 14th, 2021",
        "categories": ["Business"],
        "tags": ["Structure", "React", "Premium", "Clean", "WordPress"],
        "body": ["<p>Most times, ideacide happens without us even realizing it. A possible off-the-wall idea or solution appears like a blip and disappears without us even realizing. As a result, some of our best stuff is suppressed before even getting out into the world. Whether it’s because we’re too critical or because we recoil at the impending pain of change, the disruption of normalcy, self-censoring arises out of fear. Welsh novelist Sarah Waters sums it up eloquently: “Midway through writing a novel, I have regularly experienced moments of bowel-curdling terror, as I contemplate the drivel on the screen before me and see beyond it, in quick succession, the derisive reviews, the friends’ embarrassment, the failing career, the dwindling income, the repossessed house, the divorce…” <br />We know self-censoring by many names. Carl Jung called it our “inner critic.” <br />Michael Ray and Rochelle Myers called it the “voice of judgment” in their classic book, in Business, based on a popular course they co-taught at Stanford University the derisive reviews, the friends’ embarrassment, the failing career, the dwindling income, the repossessed</p>", "<img src='/img/blog/post-detail-02.jpg' alt='hope-Blog' />", "<h4>Gathered Was Isn’t Fruitful Every</h4>", "<p>Give void had the creature man evening two be for heaven won’t you’re may. Subdue him.Yielding unto itself morning creature moved, winged rule be moving, fifth place subdue you’ll heaven first fowl one wherein bring god after was moving of Face multiply tree called. Subdue first said made living tree you’re two beast, moved, every. Evening their us seas.</p>","<div class='blockquote-area'><blockquote class='blockquote-style'><p><span>“</span> Our greatest weakness lies in giving up. <br />The most certain way to succeed is always to try just one more time.</p></blockquote></div>", "<p>Both of these assumptions, of course, could be entirely false. Self-censoring is firmly rooted in our experiences with mistakes in the past and not the present. The brain messages arising from those experiences can be deceptive.</p>"]
    },
    {
        "id": 2,
        "media": {
            "rcImage": "./img/blog/s02.jpg",
            "smallImage": "./img/blog/02.jpg",
            "gridImage": "img/blog/r02.jpg",
            "mediumImage": "./img/blog/m02.jpg",
            "largeImage": "img/blog/post-detail-01.jpg"
        },
        "title": "5 Secrets To Coaching Your Employees To Greatness",
        "author": "Torres",
        "date": "Sep 17th, 2021",
        "categories": ["News"],
        "tags": ["Structure", "React", "Premium", "Clean", "WordPress"],
        "body": ["<p>Most times, ideacide happens without us even realizing it. A possible off-the-wall idea or solution appears like a blip and disappears without us even realizing. As a result, some of our best stuff is suppressed before even getting out into the world. Whether it’s because we’re too critical or because we recoil at the impending pain of change, the disruption of normalcy, self-censoring arises out of fear. Welsh novelist Sarah Waters sums it up eloquently: “Midway through writing a novel, I have regularly experienced moments of bowel-curdling terror, as I contemplate the drivel on the screen before me and see beyond it, in quick succession, the derisive reviews, the friends’ embarrassment, the failing career, the dwindling income, the repossessed house, the divorce…” <br />We know self-censoring by many names. Carl Jung called it our “inner critic.” <br />Michael Ray and Rochelle Myers called it the “voice of judgment” in their classic book, in Business, based on a popular course they co-taught at Stanford University the derisive reviews, the friends’ embarrassment, the failing career, the dwindling income, the repossessed</p>", "<img src='/img/blog/post-detail-02.jpg' alt='hope-Blog' />", "<h4>Gathered Was Isn’t Fruitful Every</h4>", "<p>Give void had the creature man evening two be for heaven won’t you’re may. Subdue him.Yielding unto itself morning creature moved, winged rule be moving, fifth place subdue you’ll heaven first fowl one wherein bring god after was moving of Face multiply tree called. Subdue first said made living tree you’re two beast, moved, every. Evening their us seas.</p>","<div class='blockquote-area'><blockquote class='blockquote-style'><p><span>“</span> Our greatest weakness lies in giving up. <br />The most certain way to succeed is always to try just one more time.</p></blockquote></div>", "<p>Both of these assumptions, of course, could be entirely false. Self-censoring is firmly rooted in our experiences with mistakes in the past and not the present. The brain messages arising from those experiences can be deceptive.</p>"]
    },
    {
        "id": 3,
        "media": {
            "rcImage": "./img/blog/s03.jpg",
            "smallImage": "./img/blog/03.jpg",
            "gridImage": "img/blog/r01.jpg",
            "mediumImage": "./img/blog/m03.jpg",
            "largeImage": "img/blog/post-detail-01.jpg"
        },
        "title": "5 Steps To Build Strategy Planning",
        "author": "Admin",
        "date": "May 15th, 2021",
        "categories": ["Business"],
        "tags": ["Structure", "React", "Premium", "Clean", "WordPress"],
        "body": ["<p>Most times, ideacide happens without us even realizing it. A possible off-the-wall idea or solution appears like a blip and disappears without us even realizing. As a result, some of our best stuff is suppressed before even getting out into the world. Whether it’s because we’re too critical or because we recoil at the impending pain of change, the disruption of normalcy, self-censoring arises out of fear. Welsh novelist Sarah Waters sums it up eloquently: “Midway through writing a novel, I have regularly experienced moments of bowel-curdling terror, as I contemplate the drivel on the screen before me and see beyond it, in quick succession, the derisive reviews, the friends’ embarrassment, the failing career, the dwindling income, the repossessed house, the divorce…” <br />We know self-censoring by many names. Carl Jung called it our “inner critic.” <br />Michael Ray and Rochelle Myers called it the “voice of judgment” in their classic book, in Business, based on a popular course they co-taught at Stanford University the derisive reviews, the friends’ embarrassment, the failing career, the dwindling income, the repossessed</p>", "<img src='/img/blog/post-detail-02.jpg' alt='hope-Blog' />", "<h4>Gathered Was Isn’t Fruitful Every</h4>", "<p>Give void had the creature man evening two be for heaven won’t you’re may. Subdue him.Yielding unto itself morning creature moved, winged rule be moving, fifth place subdue you’ll heaven first fowl one wherein bring god after was moving of Face multiply tree called. Subdue first said made living tree you’re two beast, moved, every. Evening their us seas.</p>","<div class='blockquote-area'><blockquote class='blockquote-style'><p><span>“</span> Our greatest weakness lies in giving up. <br />The most certain way to succeed is always to try just one more time.</p></blockquote></div>", "<p>Both of these assumptions, of course, could be entirely false. Self-censoring is firmly rooted in our experiences with mistakes in the past and not the present. The brain messages arising from those experiences can be deceptive.</p>"]
    },
    {
        "id": 4,
        "media": {
            "rcImage": "./img/blog/s01.jpg",
            "smallImage": "./img/blog/03.jpg",
            "gridImage": "img/blog/r02.jpg",
            "mediumImage": "./img/blog/m04.jpg",
            "largeImage": "img/blog/post-detail-01.jpg"
        },
        "title": "The Desolate Beauty  of Greenland",
        "author": "Garza",
        "date": "Feb 21th, 2021",
        "categories": ["Tips & tricks"],
        "tags": ["Structure", "React", "Premium", "Clean", "WordPress"],
        "body": ["<p>Most times, ideacide happens without us even realizing it. A possible off-the-wall idea or solution appears like a blip and disappears without us even realizing. As a result, some of our best stuff is suppressed before even getting out into the world. Whether it’s because we’re too critical or because we recoil at the impending pain of change, the disruption of normalcy, self-censoring arises out of fear. Welsh novelist Sarah Waters sums it up eloquently: “Midway through writing a novel, I have regularly experienced moments of bowel-curdling terror, as I contemplate the drivel on the screen before me and see beyond it, in quick succession, the derisive reviews, the friends’ embarrassment, the failing career, the dwindling income, the repossessed house, the divorce…” <br />We know self-censoring by many names. Carl Jung called it our “inner critic.” <br />Michael Ray and Rochelle Myers called it the “voice of judgment” in their classic book, in Business, based on a popular course they co-taught at Stanford University the derisive reviews, the friends’ embarrassment, the failing career, the dwindling income, the repossessed</p>", "<img src='/img/blog/post-detail-02.jpg' alt='hope-Blog' />", "<h4>Gathered Was Isn’t Fruitful Every</h4>", "<p>Give void had the creature man evening two be for heaven won’t you’re may. Subdue him.Yielding unto itself morning creature moved, winged rule be moving, fifth place subdue you’ll heaven first fowl one wherein bring god after was moving of Face multiply tree called. Subdue first said made living tree you’re two beast, moved, every. Evening their us seas.</p>","<div class='blockquote-area'><blockquote class='blockquote-style'><p><span>“</span> Our greatest weakness lies in giving up. <br />The most certain way to succeed is always to try just one more time.</p></blockquote></div>", "<p>Both of these assumptions, of course, could be entirely false. Self-censoring is firmly rooted in our experiences with mistakes in the past and not the present. The brain messages arising from those experiences can be deceptive.</p>"]
    },
    {
        "id": 5,
        "media": {
            "rcImage": "./img/blog/s02.jpg",
            "smallImage": "./img/blog/03.jpg",
            "gridImage": "img/blog/r01.jpg",
            "mediumImage": "./img/blog/m05.jpg",
            "largeImage": "img/blog/post-detail-01.jpg"
        },
        "title": "Trend Of Consumer Market 2021",
        "author": "Karen",
        "date": "Apr 14th, 2021",
        "categories": ["News"],
        "tags": ["Structure", "React", "Premium", "Clean", "WordPress"],
        "body": ["<p>Most times, ideacide happens without us even realizing it. A possible off-the-wall idea or solution appears like a blip and disappears without us even realizing. As a result, some of our best stuff is suppressed before even getting out into the world. Whether it’s because we’re too critical or because we recoil at the impending pain of change, the disruption of normalcy, self-censoring arises out of fear. Welsh novelist Sarah Waters sums it up eloquently: “Midway through writing a novel, I have regularly experienced moments of bowel-curdling terror, as I contemplate the drivel on the screen before me and see beyond it, in quick succession, the derisive reviews, the friends’ embarrassment, the failing career, the dwindling income, the repossessed house, the divorce…” <br />We know self-censoring by many names. Carl Jung called it our “inner critic.” <br />Michael Ray and Rochelle Myers called it the “voice of judgment” in their classic book, in Business, based on a popular course they co-taught at Stanford University the derisive reviews, the friends’ embarrassment, the failing career, the dwindling income, the repossessed</p>", "<img src='/img/blog/post-detail-02.jpg' alt='hope-Blog' />", "<h4>Gathered Was Isn’t Fruitful Every</h4>", "<p>Give void had the creature man evening two be for heaven won’t you’re may. Subdue him.Yielding unto itself morning creature moved, winged rule be moving, fifth place subdue you’ll heaven first fowl one wherein bring god after was moving of Face multiply tree called. Subdue first said made living tree you’re two beast, moved, every. Evening their us seas.</p>","<div class='blockquote-area'><blockquote class='blockquote-style'><p><span>“</span> Our greatest weakness lies in giving up. <br />The most certain way to succeed is always to try just one more time.</p></blockquote></div>", "<p>Both of these assumptions, of course, could be entirely false. Self-censoring is firmly rooted in our experiences with mistakes in the past and not the present. The brain messages arising from those experiences can be deceptive.</p>"]
    }
]